county_fips,rfc_per_1000_hhs,pcat_3x768
01001,4,3
01003,5,3
01005,3,3
01007,3,2
01009,3,2
01011,2,2
01013,4,2
01015,3,3
01017,3,3
01019,3,1
01021,3,2
01023,3,1
01025,3,2
01027,3,2
01029,3,1
01031,4,3
01033,3,3
01035,2,2
01037,2,2
01039,4,2
01041,3,2
01043,3,3
01045,3,2
01047,3,2
01049,3,3
01051,5,4
01053,3,2
01055,3,3
01057,3,1
01059,3,2
01061,3,2
01063,2,2
01065,2,2
01067,3,2
01069,4,3
01071,4,3
01073,4,4
01075,3,1
01077,3,3
01079,2,2
01081,4,3
01083,4,3
01085,2,1
01087,3,2
01089,5,4
01091,3,2
01093,3,1
01095,4,3
01097,4,3
01099,3,1
01101,4,4
01103,4,3
01105,2,2
01107,3,1
01109,3,2
01111,3,2
01113,3,2
01115,4,3
01117,5,4
01119,2,2
01121,3,2
01123,4,4
01125,4,4
01127,3,2
01129,3,1
01131,3,2
01133,3,1
02013,5,0
02016,3,1
02020,5,4
02050,3,2
02060,4,2
02068,4,4
02070,3,1
02090,4,3
02100,4,1
02105,2,1
02110,5,4
02122,4,3
02130,4,4
02150,5,4
02164,3,1
02170,5,5
02180,3,2
02185,4,2
02188,3,2
02195,4,3
02198,2,1
02220,4,3
02230,3,1
02240,3,1
02261,5,4
02270,2,1
02275,3,3
02282,3,0
02290,2,1
04001,3,1
04003,4,3
04005,4,3
04007,4,3
04009,4,3
04011,4,3
04012,3,2
04013,5,4
04015,4,3
04017,4,2
04019,4,4
04021,4,4
04023,4,2
04025,4,3
04027,4,3
05001,2,1
05003,3,2
05005,4,3
05007,5,4
05009,4,3
05011,3,2
05013,3,2
05015,3,3
05017,3,2
05019,3,3
05021,3,2
05023,4,3
05025,3,1
05027,3,2
05029,3,2
05031,4,3
05033,3,3
05035,3,2
05037,3,2
05039,2,2
05041,2,2
05043,3,2
05045,4,3
05047,3,2
05049,3,2
05051,4,3
05053,3,2
05055,4,3
05057,3,2
05059,3,2
05061,2,2
05063,3,3
05065,3,2
05067,3,2
05069,3,2
05071,3,2
05073,3,1
05075,3,2
05077,2,2
05079,2,1
05081,3,2
05083,3,2
05085,4,3
05087,3,1
05089,4,2
05091,3,3
05093,3,2
05095,2,2
05097,3,2
05099,2,1
05101,3,1
05103,3,2
05105,3,2
05107,3,2
05109,3,2
05111,2,2
05113,3,2
05115,4,3
05117,2,1
05119,4,4
05121,3,2
05123,2,2
05125,4,3
05127,2,1
05129,3,2
05131,4,3
05133,3,2
05135,4,2
05137,3,2
05139,3,3
05141,3,1
05143,4,4
05145,3,2
05147,2,1
05149,3,2
06001,5,4
06003,5,5
06005,5,3
06007,4,3
06009,5,4
06011,4,2
06013,5,5
06015,4,4
06017,5,4
06019,4,3
06021,3,3
06023,4,4
06025,4,3
06027,4,3
06029,4,4
06031,4,3
06033,4,3
06035,4,2
06037,5,4
06039,4,3
06041,5,5
06043,4,4
06045,4,3
06047,4,3
06049,3,2
06051,3,3
06053,4,4
06055,5,4
06057,5,3
06059,5,5
06061,5,5
06063,4,2
06065,5,5
06067,5,4
06069,4,4
06071,5,4
06073,5,5
06075,5,4
06077,4,4
06079,5,4
06081,5,5
06083,4,4
06085,5,4
06087,5,4
06089,4,3
06091,4,3
06093,3,2
06095,5,4
06097,5,4
06099,4,4
06101,4,4
06103,4,2
06105,2,2
06107,3,3
06109,4,3
06111,5,5
06113,4,4
06115,4,4
08001,5,4
08003,4,3
08005,5,5
08007,5,3
08009,3,2
08011,2,1
08013,5,5
08014,5,5
08015,4,4
08017,4,2
08019,5,4
08021,3,2
08023,3,3
08025,3,2
08027,5,3
08029,4,3
08031,4,4
08033,4,2
08035,5,5
08037,5,5
08039,5,4
08041,5,5
08043,4,4
08045,5,4
08047,4,3
08049,5,5
08051,5,5
08053,5,3
08055,4,3
08057,4,2
08059,5,4
08061,3,2
08063,3,2
08065,4,4
08067,4,3
08069,5,5
08071,4,3
08073,4,2
08075,4,3
08077,4,4
08079,5,3
08081,5,4
08083,3,2
08085,4,3
08087,3,3
08089,4,3
08091,4,3
08093,5,4
08095,4,3
08097,5,5
08099,3,3
08101,4,3
08103,4,3
08105,3,3
08107,5,5
08109,3,3
08111,4,4
08113,5,5
08115,3,3
08117,5,5
08119,4,3
08121,3,2
08123,5,4
08125,3,2
09001,5,5
09003,4,4
09005,5,4
09007,4,4
09009,4,4
09011,4,4
09013,5,4
09015,4,3
10001,5,5
10003,5,5
10005,5,5
11001,5,4
12001,5,4
12003,4,3
12005,5,5
12007,4,2
12009,5,5
12011,5,5
12013,3,3
12015,5,5
12017,5,4
12019,5,4
12021,5,5
12023,3,3
12027,3,2
12029,3,2
12031,4,4
12033,5,4
12035,5,5
12037,5,5
12039,3,2
12041,3,2
12043,3,2
12045,5,5
12047,3,3
12049,3,2
12051,4,3
12053,5,4
12055,4,3
12057,5,5
12059,4,2
12061,5,5
12063,3,2
12065,3,2
12067,3,2
12069,5,4
12071,5,5
12073,4,4
12075,3,2
12077,3,3
12079,3,2
12081,2,2
12083,4,4
12085,5,4
12086,5,4
12087,5,5
12089,5,4
12091,5,5
12093,4,3
12095,5,5
12097,5,5
12099,5,4
12101,5,5
12103,5,5
12105,5,5
12107,3,3
12109,5,5
12111,5,4
12113,5,4
12115,5,5
12117,5,5
12119,5,5
12121,4,3
12123,4,3
12125,3,3
12127,5,4
12129,4,3
12131,5,5
12133,3,2
13001,3,2
13003,3,2
13005,3,3
13007,1,1
13009,4,3
13011,3,3
13013,5,4
13015,4,3
13017,3,3
13019,3,3
13021,4,3
13023,3,2
13025,3,2
13027,3,2
13029,5,5
13031,3,2
13033,3,2
13035,3,2
13037,3,2
13039,5,4
13043,3,3
13045,4,3
13047,4,4
13049,3,3
13051,4,4
13053,3,3
13055,3,3
13057,5,4
13059,5,4
13061,2,2
13063,4,4
13065,2,2
13067,5,4
13069,3,3
13071,3,3
13073,5,4
13075,3,2
13077,4,4
13079,3,2
13081,3,2
13083,3,3
13085,5,4
13087,3,2
13089,4,4
13091,3,2
13093,2,1
13095,3,2
13097,4,4
13099,3,2
13101,2,1
13103,4,4
13105,3,2
13107,3,2
13109,3,2
13111,5,3
13113,5,4
13115,4,3
13117,5,5
13119,3,2
13121,4,4
13123,5,4
13125,2,1
13127,5,4
13129,4,3
13131,3,3
13133,4,2
13135,5,4
13137,5,4
13139,4,3
13141,3,2
13143,3,2
13145,4,3
13147,3,3
13149,3,2
13151,5,4
13153,4,4
13155,3,3
13157,4,3
13159,3,2
13161,3,2
13163,2,1
13165,2,2
13167,2,2
13169,4,3
13171,3,2
13173,3,2
13175,3,2
13177,4,3
13179,5,4
13181,3,3
13183,3,3
13185,4,2
13187,4,3
13189,3,2
13191,3,3
13193,3,2
13195,4,3
13197,3,2
13199,3,2
13201,2,1
13205,3,2
13207,3,2
13209,3,2
13211,4,2
13213,4,3
13215,4,4
13217,4,4
13219,5,4
13221,3,3
13223,5,4
13225,4,3
13227,5,4
13229,3,3
13231,3,1
13233,3,3
13235,3,2
13237,4,3
13239,2,2
13241,5,4
13243,3,2
13245,4,3
13247,4,4
13249,3,2
13251,3,3
13253,3,3
13255,4,3
13257,4,3
13259,2,1
13261,3,2
13263,2,2
13265,2,2
13267,3,2
13269,2,1
13271,2,2
13273,4,3
13275,4,3
13277,4,2
13279,3,1
13281,5,5
13283,2,1
13285,4,3
13287,3,3
13289,3,2
13291,5,5
13293,4,3
13295,4,3
13297,4,3
13299,3,3
13301,2,2
13303,3,2
13305,3,3
13307,2,1
13309,2,2
13311,4,4
13313,4,4
13315,3,2
13317,3,2
13319,3,3
13321,3,2
15001,4,4
15003,5,5
15005,1,1
15007,5,5
15009,5,5
16001,5,4
16003,4,1
16005,4,3
16007,4,3
16009,2,2
16011,4,3
16013,5,4
16015,4,1
16017,3,2
16019,5,4
16021,4,2
16023,4,3
16025,3,1
16027,4,3
16029,3,2
16031,3,2
16033,3,1
16035,3,2
16037,5,3
16039,4,4
16041,4,3
16043,4,3
16045,3,2
16047,3,2
16049,3,2
16051,4,3
16053,3,3
16055,4,4
16057,4,4
16059,4,2
16061,3,3
16063,2,2
16065,3,3
16067,3,3
16069,4,3
16071,3,3
16073,3,1
16075,4,3
16077,4,3
16079,2,1
16081,5,5
16083,4,3
16085,5,3
16087,3,2
17001,4,3
17003,2,1
17005,3,2
17007,4,4
17009,4,3
17011,3,3
17013,1,1
17015,4,3
17017,4,3
17019,4,4
17021,4,4
17023,3,2
17025,4,2
17027,4,3
17029,4,4
17031,4,4
17033,4,2
17035,3,2
17037,4,4
17039,2,2
17041,3,3
17043,5,4
17045,3,2
17047,3,2
17049,3,3
17051,2,2
17053,4,3
17055,3,2
17057,3,2
17059,3,2
17061,3,2
17063,4,3
17065,3,2
17067,3,2
17069,3,3
17071,2,2
17073,4,3
17075,3,3
17077,4,2
17079,3,2
17081,3,3
17083,3,2
17085,4,3
17087,3,1
17089,5,4
17091,4,3
17093,5,4
17095,4,3
17097,5,4
17099,4,3
17101,4,3
17103,4,3
17105,4,2
17107,4,3
17109,4,3
17111,5,4
17113,4,3
17115,4,3
17117,3,2
17119,4,4
17121,3,2
17123,4,3
17125,3,3
17127,3,2
17129,4,3
17131,2,2
17133,5,4
17135,4,4
17137,4,3
17139,3,3
17141,4,3
17143,4,3
17145,3,2
17147,4,3
17149,3,3
17151,2,2
17153,2,2
17155,4,3
17157,3,2
17159,4,2
17161,4,3
17163,4,3
17165,3,2
17167,4,4
17169,3,2
17171,4,3
17173,3,3
17175,3,2
17177,4,3
17179,4,4
17181,3,2
17183,4,3
17185,4,2
17187,2,1
17189,3,2
17191,3,2
17193,3,2
17195,3,3
17197,5,4
17199,4,2
17201,4,3
17203,4,3
18001,3,2
18003,3,2
18005,4,4
18007,4,2
18009,3,2
18011,5,4
18013,3,2
18015,4,2
18017,4,3
18019,4,4
18021,4,2
18023,4,3
18025,2,1
18027,3,2
18029,4,3
18031,4,3
18033,3,2
18035,4,3
18037,4,3
18039,4,3
18041,3,3
18043,4,4
18045,3,2
18047,3,2
18049,4,3
18051,3,2
18053,4,3
18055,3,2
18057,5,5
18059,5,4
18061,3,2
18063,5,4
18065,4,3
18067,4,4
18069,4,3
18071,4,3
18073,4,3
18075,3,2
18077,4,3
18079,3,3
18081,5,4
18083,4,3
18085,4,3
18087,3,2
18089,4,4
18091,4,3
18093,3,3
18095,4,3
18097,4,4
18099,4,2
18101,3,2
18103,3,3
18105,4,4
18107,4,3
18109,4,3
18111,4,3
18113,4,2
18115,4,3
18117,3,2
18119,3,2
18121,4,3
18123,4,3
18125,3,2
18127,5,4
18129,3,2
18131,3,2
18133,4,3
18135,3,2
18137,3,3
18139,3,2
18141,4,4
18143,3,2
18145,3,3
18147,3,3
18149,4,3
18151,4,2
18153,3,2
18155,3,2
18157,4,4
18159,3,2
18161,3,2
18163,4,3
18165,3,3
18167,4,3
18169,4,3
18171,3,2
18173,4,3
18175,3,2
18177,4,3
18179,4,3
18181,4,3
18183,4,2
19001,3,3
19003,4,2
19005,4,3
19007,3,3
19009,4,3
19011,4,2
19013,4,3
19015,4,3
19017,4,3
19019,4,3
19021,4,4
19023,4,3
19025,4,3
19027,4,3
19029,4,3
19031,4,3
19033,4,3
19035,4,3
19037,3,3
19039,3,3
19041,4,4
19043,4,2
19045,4,3
19047,3,2
19049,5,4
19051,3,3
19053,4,3
19055,4,3
19057,4,3
19059,5,4
19061,4,3
19063,4,3
19065,4,3
19067,4,3
19069,3,3
19071,3,2
19073,4,3
19075,4,3
19077,4,3
19079,4,3
19081,4,4
19083,4,3
19085,3,2
19087,4,3
19089,4,3
19091,4,3
19093,3,2
19095,4,2
19097,4,3
19099,4,3
19101,4,3
19103,5,4
19105,4,3
19107,4,2
19109,4,3
19111,4,3
19113,4,4
19115,4,2
19117,3,3
19119,4,3
19121,3,3
19123,4,3
19125,4,3
19127,4,3
19129,4,3
19131,4,3
19133,4,3
19135,3,3
19137,4,3
19139,4,3
19141,4,2
19143,4,2
19145,4,3
19147,4,3
19149,4,2
19151,4,3
19153,4,4
19155,4,3
19157,3,2
19159,3,3
19161,4,2
19163,4,3
19165,4,2
19167,5,3
19169,4,3
19171,3,2
19173,3,2
19175,4,3
19177,3,3
19179,3,3
19181,4,3
19183,4,3
19185,3,3
19187,4,3
19189,4,4
19191,4,3
19193,4,3
19195,4,4
19197,4,3
20001,3,3
20003,3,2
20005,4,2
20007,4,3
20009,3,3
20011,3,2
20013,3,2
20015,4,3
20017,3,2
20019,2,2
20021,3,2
20023,3,1
20025,3,1
20027,4,3
20029,4,2
20031,4,3
20033,4,3
20035,4,3
20037,4,3
20039,4,2
20041,4,2
20043,2,2
20045,5,4
20047,3,2
20049,3,3
20051,5,3
20053,3,1
20055,4,3
20057,4,3
20059,3,2
20061,5,4
20063,4,4
20065,4,4
20067,4,4
20069,3,1
20071,5,2
20073,3,3
20075,4,2
20077,3,2
20079,4,3
20081,4,2
20083,3,2
20085,4,2
20087,4,2
20089,4,3
20091,5,5
20093,4,2
20095,4,2
20097,3,3
20099,4,2
20101,4,3
20103,4,4
20105,3,1
20107,3,1
20109,4,4
20111,4,3
20113,4,3
20115,4,2
20117,4,2
20119,3,1
20121,4,3
20123,4,3
20125,3,3
20127,4,4
20129,4,1
20131,2,2
20133,3,2
20135,4,2
20137,4,3
20139,4,3
20141,4,3
20143,4,1
20145,4,3
20147,5,4
20149,4,3
20151,4,3
20153,4,2
20155,4,3
20157,4,2
20159,4,3
20161,5,5
20163,5,3
20165,3,1
20167,4,2
20169,4,3
20171,4,2
20173,4,4
20175,3,2
20177,4,4
20179,5,4
20181,4,3
20183,5,4
20185,3,2
20187,4,3
20189,4,3
20191,4,2
20193,4,4
20195,5,3
20197,4,2
20199,3,2
20201,4,2
20203,4,2
20205,3,2
20207,3,2
20209,4,3
21001,3,3
21003,3,2
21005,4,3
21007,4,2
21009,5,4
21011,3,3
21013,1,1
21015,5,4
21017,3,2
21019,3,3
21021,4,3
21023,3,3
21025,3,2
21027,4,2
21029,4,4
21031,2,2
21033,3,2
21035,4,2
21037,4,3
21039,3,3
21041,3,2
21043,4,3
21045,3,3
21047,4,3
21049,3,2
21051,3,2
21053,3,3
21055,3,2
21057,3,2
21059,4,3
21061,3,3
21063,3,2
21065,4,2
21067,4,4
21069,3,2
21071,4,3
21073,4,3
21075,3,2
21077,2,2
21079,4,3
21081,4,3
21083,3,2
21085,3,3
21087,4,2
21089,4,3
21091,4,2
21093,4,4
21095,3,3
21097,3,2
21099,5,3
21101,3,3
21103,3,2
21105,3,2
21107,3,2
21109,3,3
21111,4,4
21113,4,4
21115,4,2
21117,5,4
21119,4,1
21121,3,2
21123,5,3
21125,3,3
21127,4,2
21129,3,2
21131,4,2
21133,3,1
21135,3,2
21137,3,2
21139,3,2
21141,3,3
21143,3,2
21145,4,3
21147,3,2
21149,3,2
21151,4,3
21153,4,1
21155,3,3
21157,4,3
21159,3,3
21161,4,3
21163,4,3
21165,3,2
21167,3,2
21169,5,3
21171,4,2
21173,3,2
21175,4,2
21177,3,2
21179,2,1
21181,3,2
21183,3,2
21185,5,4
21187,3,2
21189,3,3
21191,2,2
21193,4,3
21195,4,3
21197,3,2
21199,3,2
21201,2,2
21203,3,2
21205,4,3
21207,3,3
21209,4,3
21211,4,3
21213,4,3
21215,4,3
21217,4,3
21219,3,2
21221,4,2
21223,3,2
21225,3,2
21227,4,3
21229,3,2
21231,3,3
21233,3,2
21235,3,2
21237,3,2
21239,4,4
22001,3,2
22003,3,2
22005,5,4
22007,3,3
22009,3,2
22011,3,2
22013,2,2
22015,4,3
22017,4,3
22019,4,3
22021,2,1
22023,4,1
22025,3,2
22027,3,2
22029,3,2
22031,3,2
22033,4,4
22035,2,2
22037,3,2
22039,3,2
22041,2,1
22043,3,2
22045,4,3
22047,3,3
22049,3,1
22051,4,4
22053,3,2
22055,4,4
22057,4,3
22059,3,2
22061,4,3
22063,4,4
22065,2,2
22067,3,3
22069,4,3
22071,4,3
22073,4,3
22075,3,2
22077,3,2
22079,4,3
22081,2,1
22083,2,2
22085,3,2
22087,4,3
22089,4,4
22091,2,1
22093,4,3
22095,4,4
22097,3,2
22099,4,3
22101,3,3
22103,5,4
22105,4,3
22107,3,2
22109,4,4
22111,3,1
22113,4,3
22115,4,3
22117,3,2
22119,3,2
22121,4,3
22123,2,1
22125,3,2
22127,3,2
23001,4,4
23003,3,3
23005,5,4
23007,5,3
23009,5,4
23011,4,4
23013,5,4
23015,5,4
23017,5,4
23019,4,3
23021,4,3
23023,5,4
23025,4,2
23027,4,4
23029,4,3
23031,5,4
24001,3,3
24003,5,5
24005,5,5
24009,5,5
24011,3,3
24013,4,4
24015,3,3
24017,5,5
24019,3,3
24021,4,4
24023,4,4
24025,4,4
24027,5,5
24029,3,3
24031,5,5
24033,5,5
24035,4,4
24037,4,4
24039,3,2
24041,4,4
24043,4,4
24045,4,4
24047,5,5
24510,3,3
25001,5,5
25003,4,4
25005,4,4
25007,5,5
25009,5,5
25011,4,4
25013,4,4
25015,5,4
25017,5,5
25019,5,5
25021,5,5
25023,5,5
25025,4,4
25027,5,4
26001,4,3
26003,4,3
26005,4,3
26007,4,3
26009,4,4
26011,4,3
26013,4,4
26015,3,2
26017,4,4
26019,4,4
26021,4,3
26023,4,3
26025,4,3
26027,4,3
26029,5,4
26031,3,3
26033,4,3
26035,3,3
26037,4,3
26039,3,3
26041,3,3
26043,3,3
26045,4,3
26047,5,4
26049,4,4
26051,3,2
26053,3,3
26055,5,4
26057,3,2
26059,4,2
26061,4,3
26063,4,3
26065,4,4
26067,3,2
26069,4,4
26071,3,2
26073,3,3
26075,4,3
26077,4,4
26079,3,3
26081,4,4
26083,4,2
26085,3,2
26087,4,3
26089,5,4
26091,4,3
26093,5,4
26095,3,3
26097,3,3
26099,5,4
26101,4,3
26103,4,3
26105,3,3
26107,4,3
26109,3,3
26111,4,4
26113,3,2
26115,4,4
26117,3,2
26119,3,2
26121,4,3
26123,3,2
26125,5,4
26127,3,2
26129,3,3
26131,3,3
26133,3,2
26135,3,2
26137,4,3
26139,4,4
26141,3,2
26143,4,4
26145,4,3
26147,3,3
26149,2,2
26151,3,2
26153,4,3
26155,4,3
26157,4,3
26159,4,2
26161,5,4
26163,4,4
26165,3,3
27001,2,2
27003,5,4
27005,4,1
27007,3,3
27009,4,3
27011,4,3
27013,4,4
27015,4,2
27017,3,2
27019,5,4
27021,4,2
27023,4,3
27025,3,2
27027,5,4
27029,4,3
27031,4,3
27033,3,2
27035,4,4
27037,5,4
27039,4,3
27041,4,3
27043,4,4
27045,3,2
27047,3,3
27049,3,3
27051,4,3
27053,4,4
27055,4,4
27057,4,2
27059,4,3
27061,4,3
27063,3,2
27065,3,2
27067,4,3
27069,4,2
27071,2,2
27073,4,3
27075,2,2
27077,4,1
27079,4,3
27081,3,3
27083,4,3
27085,4,3
27087,3,1
27089,3,2
27091,4,2
27093,4,2
27095,2,2
27097,3,3
27099,4,3
27101,4,2
27103,4,4
27105,4,3
27107,4,1
27109,5,4
27111,4,2
27113,4,2
27115,3,2
27117,4,3
27119,4,4
27121,4,3
27123,4,4
27125,4,3
27127,3,2
27129,4,2
27131,4,4
27133,4,3
27135,4,1
27137,3,3
27139,5,4
27141,4,4
27143,4,2
27145,4,3
27147,4,3
27149,4,4
27151,4,3
27153,3,2
27155,2,2
27157,4,3
27159,4,3
27161,4,3
27163,5,4
27165,3,2
27167,4,3
27169,2,2
27171,4,4
27173,3,1
28001,3,2
28003,2,2
28005,2,2
28007,2,2
28009,3,2
28011,3,2
28013,3,1
28015,2,1
28017,2,1
28019,2,1
28021,2,2
28023,3,1
28025,3,2
28027,2,2
28029,3,2
28031,2,1
28033,4,4
28035,4,3
28037,1,1
28039,3,1
28041,2,1
28043,3,2
28045,4,2
28047,4,3
28049,4,3
28051,2,2
28053,2,1
28055,1,1
28057,3,1
28059,4,3
28061,2,1
28063,2,1
28065,2,2
28067,3,2
28069,2,1
28071,5,4
28073,4,3
28075,3,2
28077,2,2
28079,2,1
28081,3,3
28083,3,2
28085,2,2
28087,3,2
28089,4,4
28091,2,1
28093,3,2
28095,3,2
28097,3,2
28099,2,1
28101,3,2
28103,2,1
28105,4,3
28107,2,2
28109,3,2
28111,1,1
28113,3,2
28115,2,2
28117,2,2
28119,2,1
28121,4,3
28123,3,1
28125,2,1
28127,2,2
28129,2,1
28131,3,1
28133,3,2
28135,2,1
28137,3,2
28139,3,1
28141,3,2
28143,2,2
28145,3,2
28147,2,2
28149,3,3
28151,3,2
28153,2,1
28155,2,1
28157,3,2
28159,2,1
28161,3,2
28163,2,2
29001,4,3
29003,4,3
29005,4,2
29007,3,3
29009,3,2
29011,3,2
29013,3,2
29015,3,2
29017,2,2
29019,4,3
29021,4,3
29023,3,2
29025,3,2
29027,4,3
29029,5,5
29031,4,3
29033,3,2
29035,3,2
29037,4,4
29039,3,2
29041,4,2
29043,4,3
29045,3,2
29047,5,4
29049,4,3
29051,4,3
29053,4,3
29055,4,2
29057,3,2
29059,3,2
29061,3,3
29063,3,2
29065,3,2
29067,2,1
29069,3,2
29071,4,3
29073,4,2
29075,3,3
29077,4,3
29079,2,2
29081,4,3
29083,3,3
29085,2,1
29087,3,2
29089,3,2
29091,4,2
29093,3,2
29095,4,4
29097,3,3
29099,4,4
29101,4,3
29103,3,1
29105,3,2
29107,3,2
29109,3,2
29111,3,2
29113,4,3
29115,3,2
29117,4,3
29119,3,1
29121,4,2
29123,3,2
29125,2,1
29127,4,3
29129,4,3
29131,3,3
29133,3,2
29135,4,3
29137,3,2
29139,3,2
29141,3,3
29143,3,2
29145,3,2
29147,4,3
29149,3,2
29151,3,2
29153,2,1
29155,3,2
29157,3,2
29159,4,3
29161,4,3
29163,3,2
29165,5,4
29167,3,2
29169,5,3
29171,3,2
29173,4,4
29175,4,3
29177,3,3
29179,4,1
29181,3,3
29183,5,4
29185,2,1
29186,3,2
29187,3,3
29189,4,4
29195,3,3
29197,2,1
29199,3,1
29201,3,3
29203,3,2
29205,3,2
29207,3,2
29209,4,3
29211,3,2
29213,4,3
29215,3,2
29217,3,2
29219,4,3
29221,3,2
29223,3,3
29225,3,2
29227,3,3
29229,3,2
29510,3,3
30001,3,3
30003,3,2
30005,4,3
30007,3,2
30009,4,3
30011,4,1
30013,4,4
30015,4,3
30017,4,2
30019,4,2
30021,4,2
30023,3,3
30025,5,2
30027,4,2
30029,4,3
30031,5,4
30033,4,1
30035,3,3
30037,5,2
30039,3,2
30041,4,3
30043,4,3
30045,4,2
30047,4,2
30049,4,4
30051,3,1
30053,4,2
30055,4,1
30057,5,4
30059,4,4
30061,2,1
30063,4,4
30065,4,1
30067,5,4
30069,4,1
30071,4,3
30073,3,3
30075,4,1
30077,4,3
30079,4,2
30081,4,2
30083,5,2
30085,4,2
30087,4,2
30089,4,2
30091,4,3
30093,4,3
30095,4,3
30097,5,2
30099,4,3
30101,4,3
30103,4,1
30105,4,2
30107,3,1
30109,4,2
30111,4,4
31001,4,4
31003,2,2
31005,4,3
31007,3,1
31009,3,2
31011,3,2
31013,4,4
31015,4,3
31017,3,1
31019,4,4
31021,5,4
31023,3,2
31025,4,3
31027,4,3
31029,3,2
31031,3,2
31033,4,3
31035,4,3
31037,4,3
31039,4,3
31041,4,3
31043,4,3
31045,4,3
31047,4,3
31049,4,3
31051,4,4
31053,4,3
31055,5,4
31057,3,1
31059,4,3
31061,2,2
31063,3,2
31065,5,2
31067,4,3
31069,4,2
31071,3,2
31073,5,2
31075,4,2
31077,3,2
31079,4,3
31081,4,3
31083,2,1
31085,2,2
31087,2,2
31089,3,2
31091,4,3
31093,3,3
31095,4,3
31097,3,2
31099,4,3
31101,4,3
31103,4,4
31105,3,2
31107,3,3
31109,5,4
31111,4,4
31113,3,3
31115,4,3
31117,3,2
31119,3,3
31121,3,3
31123,3,2
31125,3,2
31127,3,3
31129,4,3
31131,4,3
31133,3,2
31135,3,3
31137,4,3
31139,4,3
31141,3,3
31143,3,2
31145,3,2
31147,4,3
31149,3,3
31151,4,3
31153,5,5
31155,4,3
31157,4,3
31159,4,3
31161,3,3
31163,3,2
31165,3,2
31167,3,3
31169,4,3
31171,3,3
31173,4,3
31175,2,2
31177,4,4
31179,5,5
31181,4,3
31183,3,3
31185,4,3
32001,4,4
32003,4,4
32005,5,4
32007,4,2
32009,3,2
32011,2,1
32013,4,2
32015,4,2
32017,3,3
32019,4,3
32021,3,2
32023,3,2
32027,2,2
32029,3,2
32031,5,4
32033,3,2
32510,4,3
33001,5,4
33003,5,4
33005,4,4
33007,4,3
33009,5,4
33011,5,5
33013,5,4
33015,5,5
33017,5,4
33019,5,4
34001,5,5
34003,5,5
34005,5,5
34007,5,5
34009,5,5
34011,4,4
34013,4,4
34015,5,5
34017,5,5
34019,5,4
34021,5,5
34023,5,5
34025,5,5
34027,5,5
34029,5,5
34031,5,5
34033,4,4
34035,5,5
34037,5,3
34039,5,4
34041,4,4
35001,4,4
35003,4,2
35005,4,3
35006,2,1
35007,4,2
35009,4,3
35011,4,2
35013,4,3
35015,4,3
35017,4,2
35019,3,1
35021,5,1
35023,3,2
35025,4,3
35027,5,4
35028,5,4
35029,3,2
35031,3,2
35033,3,1
35035,4,3
35037,4,2
35039,3,2
35041,4,3
35043,4,4
35045,3,3
35047,3,2
35049,4,3
35051,3,2
35053,4,2
35055,4,2
35057,3,2
35059,3,2
35061,3,3
36001,4,4
36003,3,3
36005,4,4
36007,4,4
36009,3,3
36011,4,3
36013,4,3
36015,4,4
36017,4,3
36019,4,4
36021,4,4
36023,4,3
36025,4,2
36027,5,5
36029,4,4
36031,4,4
36033,3,3
36035,4,3
36037,4,3
36039,3,3
36041,5,4
36043,4,3
36045,4,3
36047,4,4
36049,3,2
36051,4,3
36053,5,5
36055,4,4
36057,4,3
36059,5,5
36061,5,5
36063,4,3
36065,4,4
36067,4,4
36069,4,3
36071,5,4
36073,4,3
36075,4,4
36077,4,3
36079,5,5
36081,5,5
36083,4,4
36085,4,4
36087,5,5
36089,4,3
36091,5,4
36093,5,5
36095,3,2
36097,4,3
36099,4,3
36101,3,3
36103,5,5
36105,4,4
36107,4,3
36109,4,4
36111,5,4
36113,5,4
36115,4,3
36117,4,3
36119,5,5
36121,3,3
36123,3,2
37001,4,3
37003,3,2
37005,4,4
37007,3,3
37009,4,3
37011,5,4
37013,4,3
37015,3,2
37017,3,2
37019,5,4
37021,4,4
37023,4,3
37025,3,3
37027,4,3
37029,4,3
37031,5,5
37033,3,2
37035,4,4
37037,4,3
37039,5,3
37041,4,3
37043,5,3
37045,4,3
37047,3,2
37049,4,4
37051,4,4
37053,5,5
37055,5,5
37057,5,4
37059,4,2
37061,3,2
37063,4,3
37065,3,2
37067,4,4
37069,4,3
37071,4,3
37073,3,2
37075,4,2
37077,4,3
37079,3,1
37081,4,4
37083,3,2
37085,4,3
37087,4,3
37089,4,3
37091,3,2
37093,4,3
37095,4,2
37097,4,4
37099,4,1
37101,4,3
37103,3,2
37105,4,4
37107,3,3
37109,4,3
37111,3,2
37113,4,2
37115,3,2
37117,3,2
37119,5,4
37121,3,1
37123,3,2
37125,4,4
37127,4,3
37129,5,4
37131,3,2
37133,5,4
37135,5,4
37137,4,2
37139,4,3
37141,4,4
37143,3,2
37145,4,2
37147,4,3
37149,4,3
37151,4,3
37153,3,3
37155,3,2
37157,4,3
37159,4,3
37161,3,2
37163,3,2
37165,3,3
37167,2,2
37169,4,3
37171,4,3
37173,3,2
37175,4,1
37177,3,2
37179,5,4
37181,3,3
37183,5,4
37185,4,2
37187,3,2
37189,5,5
37191,4,3
37193,4,3
37195,4,3
37197,4,2
37199,4,1
38001,4,4
38003,4,2
38005,3,3
38007,4,2
38009,5,4
38011,5,4
38013,4,3
38015,5,5
38017,4,4
38019,4,4
38021,4,4
38023,4,4
38025,5,5
38027,4,4
38029,3,3
38031,4,4
38033,4,2
38035,4,4
38037,3,3
38039,3,3
38041,5,4
38043,4,3
38045,4,4
38047,4,3
38049,4,3
38051,4,3
38053,5,5
38055,4,4
38057,4,4
38059,4,4
38061,5,4
38063,4,4
38065,3,3
38067,4,4
38069,4,4
38071,4,4
38073,4,4
38075,4,3
38077,4,3
38079,4,3
38081,4,4
38083,3,2
38085,3,3
38087,4,4
38089,5,5
38091,3,3
38093,4,3
38095,4,4
38097,4,4
38099,4,4
38101,5,4
38103,4,4
38105,5,5
39001,3,2
39003,4,3
39005,2,1
39007,4,3
39009,4,3
39011,4,3
39013,4,3
39015,3,2
39017,4,3
39019,3,2
39021,4,3
39023,4,3
39025,4,3
39027,3,2
39029,3,3
39031,3,3
39033,4,3
39035,4,3
39037,4,3
39039,4,3
39041,5,4
39043,4,4
39045,4,4
39047,3,3
39049,5,4
39051,4,3
39053,3,2
39055,4,4
39057,4,4
39059,3,2
39061,4,3
39063,4,3
39065,4,3
39067,3,1
39069,4,2
39071,3,2
39073,3,2
39075,2,1
39077,4,3
39079,3,2
39081,4,3
39083,4,3
39085,5,4
39087,2,2
39089,4,4
39091,4,3
39093,4,3
39095,4,4
39097,4,3
39099,2,2
39101,4,3
39103,4,3
39105,3,2
39107,3,2
39109,4,3
39111,3,1
39113,4,4
39115,3,2
39117,4,2
39119,4,3
39121,2,2
39123,4,3
39125,4,2
39127,3,2
39129,4,2
39131,3,2
39133,4,4
39135,4,3
39137,4,2
39139,4,3
39141,4,3
39143,4,3
39145,4,3
39147,4,3
39149,4,3
39151,4,3
39153,4,4
39155,4,3
39157,4,3
39159,4,3
39161,4,3
39163,3,2
39165,5,4
39167,4,3
39169,4,2
39171,4,2
39173,4,4
39175,3,2
40001,2,2
40003,4,3
40005,3,2
40007,4,2
40009,4,2
40011,3,3
40013,3,3
40015,3,2
40017,5,5
40019,4,3
40021,3,2
40023,2,1
40025,4,2
40027,5,4
40029,2,2
40031,4,3
40033,4,2
40035,3,2
40037,3,3
40039,4,3
40041,3,2
40043,3,2
40045,4,3
40047,4,3
40049,3,3
40051,4,3
40053,4,3
40055,3,2
40057,3,2
40059,3,2
40061,3,2
40063,3,2
40065,4,2
40067,3,2
40069,3,2
40071,3,2
40073,4,3
40075,3,2
40077,2,2
40079,3,2
40081,3,2
40083,4,3
40085,4,3
40087,4,3
40089,2,2
40091,2,2
40093,3,2
40095,3,2
40097,3,2
40099,4,3
40101,3,3
40103,3,2
40105,2,2
40107,2,2
40109,4,4
40111,3,2
40113,3,2
40115,3,2
40117,3,3
40119,4,3
40121,3,2
40123,3,3
40125,3,2
40127,2,1
40129,4,1
40131,4,3
40133,3,2
40135,2,2
40137,3,3
40139,4,2
40141,3,3
40143,4,4
40145,4,4
40147,4,3
40149,3,2
40151,4,4
40153,3,2
41001,3,3
41003,5,5
41005,4,4
41007,5,4
41009,4,3
41011,4,3
41013,3,2
41015,4,3
41017,5,5
41019,4,3
41021,4,2
41023,4,2
41025,4,2
41027,5,3
41029,4,4
41031,4,3
41033,4,3
41035,4,3
41037,3,2
41039,4,4
41041,5,4
41043,4,4
41045,3,2
41047,4,4
41049,4,3
41051,4,4
41053,4,4
41055,3,2
41057,5,4
41059,3,3
41061,4,3
41063,3,2
41065,4,3
41067,3,3
41069,3,1
41071,4,3
42001,4,3
42003,5,4
42005,4,3
42007,4,4
42009,4,3
42011,4,4
42013,4,3
42015,4,2
42017,5,5
42019,2,2
42021,4,3
42023,4,4
42025,4,2
42027,4,4
42029,5,5
42031,4,3
42033,3,3
42035,4,3
42037,3,2
42039,2,2
42041,5,4
42043,5,4
42045,5,5
42047,4,4
42049,4,3
42051,3,2
42053,2,2
42055,4,4
42057,4,2
42059,4,4
42061,3,3
42063,3,3
42065,4,3
42067,3,2
42069,4,3
42071,4,3
42073,3,3
42075,4,4
42077,5,4
42079,4,3
42081,4,3
42083,3,3
42085,3,3
42087,3,2
42089,5,2
42091,5,5
42093,4,3
42095,5,4
42097,3,3
42099,4,2
42101,4,4
42103,5,3
42105,4,3
42107,4,3
42109,3,3
42111,3,3
42113,5,1
42115,4,2
42117,4,2
42119,4,4
42121,3,3
42123,3,2
42125,4,4
42127,5,3
42129,4,4
42131,4,2
42133,4,4
44001,4,4
44003,5,5
44005,5,4
44007,4,4
44009,5,5
45001,4,3
45003,4,3
45005,2,2
45007,4,3
45009,2,2
45011,2,2
45013,5,5
45015,4,4
45017,3,2
45019,5,4
45021,3,3
45023,3,1
45025,3,3
45027,3,2
45029,4,3
45031,3,2
45033,2,2
45035,4,4
45037,3,2
45039,3,1
45041,4,3
45043,5,4
45045,4,4
45047,3,2
45049,3,2
45051,5,4
45053,4,3
45055,4,2
45057,4,3
45059,3,3
45061,3,2
45063,4,3
45065,4,4
45067,3,2
45069,3,1
45071,3,2
45073,4,2
45075,3,2
45077,4,3
45079,4,4
45081,2,1
45083,4,3
45085,4,3
45087,3,2
45089,3,2
45091,4,4
46003,4,4
46005,4,3
46007,3,3
46009,4,3
46011,4,4
46013,4,4
46015,4,4
46017,3,3
46019,4,3
46021,4,4
46023,4,4
46025,4,4
46027,4,4
46029,4,4
46031,3,3
46033,4,3
46035,4,4
46037,4,4
46039,4,4
46041,3,2
46043,4,3
46045,4,4
46047,4,3
46049,4,3
46051,4,3
46053,3,3
46055,4,3
46057,4,3
46059,4,3
46061,4,4
46063,4,4
46065,4,4
46067,4,3
46069,5,5
46071,3,3
46073,4,4
46075,4,3
46077,4,2
46079,4,3
46081,4,4
46083,5,5
46085,3,3
46087,4,3
46089,3,3
46091,4,4
46093,4,4
46095,3,3
46097,4,4
46099,5,4
46101,3,2
46103,4,4
46105,4,4
46107,5,5
46109,4,4
46111,3,3
46113,3,3
46115,4,3
46117,4,3
46119,5,5
46121,3,2
46123,3,3
46125,4,3
46127,4,4
46129,4,4
46135,4,3
46137,2,2
47001,4,3
47003,3,3
47005,2,2
47007,3,1
47009,4,4
47011,4,3
47013,3,3
47015,3,2
47017,3,2
47019,4,3
47021,4,3
47023,3,2
47025,3,2
47027,3,2
47029,3,2
47031,3,3
47033,3,2
47035,4,2
47037,4,4
47039,3,2
47041,4,3
47043,3,3
47045,3,2
47047,4,3
47049,3,3
47051,3,3
47053,3,2
47055,3,2
47057,3,2
47059,3,3
47061,3,2
47063,3,3
47065,4,4
47067,2,1
47069,2,1
47071,4,3
47073,3,3
47075,2,1
47077,3,3
47079,3,3
47081,2,2
47083,4,1
47085,3,2
47087,3,2
47089,3,2
47091,3,2
47093,4,4
47095,2,1
47097,2,1
47099,3,2
47101,3,2
47103,3,3
47105,4,3
47107,3,3
47109,3,2
47111,3,2
47113,4,3
47115,3,3
47117,3,3
47119,4,4
47121,2,2
47123,3,2
47125,4,3
47127,2,2
47129,3,2
47131,3,2
47133,3,2
47135,3,2
47137,3,2
47139,3,3
47141,4,3
47143,3,2
47145,4,3
47147,4,3
47149,4,4
47151,3,2
47153,3,1
47155,4,4
47157,4,3
47159,3,3
47161,4,3
47163,4,3
47165,4,4
47167,4,3
47169,2,2
47171,4,3
47173,3,2
47175,4,2
47177,4,2
47179,5,5
47181,3,1
47183,3,2
47185,4,2
47187,5,5
47189,4,4
48001,3,2
48003,4,4
48005,4,4
48007,3,3
48009,4,2
48011,5,2
48013,3,2
48015,3,2
48017,3,1
48019,3,2
48021,4,3
48023,3,3
48025,3,3
48027,4,4
48029,5,4
48031,3,2
48033,4,2
48035,3,2
48037,4,3
48039,4,4
48041,4,4
48043,4,3
48045,4,2
48047,2,2
48049,3,3
48051,2,2
48053,3,2
48055,3,3
48057,3,2
48059,3,2
48061,3,3
48063,2,2
48065,3,2
48067,3,2
48069,3,2
48071,3,3
48073,3,2
48075,2,1
48077,3,2
48079,3,2
48081,3,1
48083,4,1
48085,5,5
48087,3,2
48089,3,2
48091,5,4
48093,3,2
48095,4,3
48097,4,3
48099,4,4
48101,2,2
48103,2,1
48105,3,2
48107,3,2
48109,3,2
48111,4,3
48113,4,4
48115,3,2
48117,3,2
48119,4,2
48121,5,5
48123,3,3
48125,3,3
48127,3,2
48129,4,2
48131,3,2
48133,4,2
48135,4,3
48137,4,2
48139,4,3
48141,4,3
48143,4,2
48145,3,2
48147,3,3
48149,3,3
48151,3,2
48153,3,2
48155,4,4
48157,5,5
48159,3,3
48161,3,3
48163,3,2
48165,3,2
48167,5,4
48169,4,3
48171,4,4
48173,3,3
48175,2,2
48177,3,2
48179,3,2
48181,4,3
48183,4,3
48185,3,2
48187,4,4
48189,3,3
48191,4,3
48193,4,2
48195,3,2
48197,3,2
48199,3,3
48201,4,4
48203,3,2
48205,4,4
48207,4,4
48209,5,5
48211,4,2
48213,4,3
48215,3,2
48217,3,3
48219,3,3
48221,4,4
48223,3,3
48225,3,2
48227,4,3
48229,2,2
48231,3,3
48233,4,3
48235,4,3
48237,4,3
48239,3,2
48241,3,2
48243,3,3
48245,4,3
48247,3,2
48249,3,3
48251,4,3
48253,3,1
48255,3,2
48257,4,3
48259,5,4
48261,3,3
48263,4,4
48265,4,4
48267,2,2
48269,4,3
48271,4,2
48273,4,2
48275,4,4
48277,3,3
48279,3,2
48281,3,2
48283,4,3
48285,3,2
48287,3,2
48289,4,3
48291,3,2
48293,3,2
48295,5,4
48297,3,2
48299,4,3
48301,4,3
48303,4,3
48305,3,2
48307,2,2
48309,4,4
48311,5,5
48313,4,2
48315,3,2
48317,4,2
48319,3,2
48321,3,2
48323,3,2
48325,2,2
48327,3,2
48329,5,4
48331,2,2
48333,5,3
48335,3,2
48337,3,2
48339,4,4
48341,3,3
48343,3,2
48345,4,4
48347,3,3
48349,3,2
48351,2,2
48353,4,3
48355,4,4
48357,4,3
48359,5,4
48361,4,3
48363,4,3
48365,3,2
48367,4,3
48369,3,1
48371,3,2
48373,3,2
48375,3,3
48377,3,2
48379,3,2
48381,4,4
48383,2,2
48385,5,3
48387,3,2
48389,2,2
48391,3,3
48393,4,3
48395,3,2
48397,5,5
48399,3,2
48401,3,2
48403,4,3
48405,3,2
48407,3,2
48409,4,3
48411,4,4
48413,3,2
48415,4,3
48417,3,1
48419,3,2
48421,4,3
48423,4,3
48425,3,3
48427,3,2
48429,2,2
48431,3,2
48433,4,4
48435,3,2
48437,3,2
48439,4,4
48441,4,3
48443,4,3
48445,3,2
48447,3,3
48449,3,2
48451,4,4
48453,5,5
48455,3,3
48457,2,2
48459,3,1
48461,3,2
48463,4,3
48465,3,3
48467,3,2
48469,4,3
48471,3,3
48473,3,2
48475,3,2
48477,4,3
48479,4,3
48481,3,2
48483,3,2
48485,4,3
48487,2,1
48489,2,1
48491,5,5
48493,3,3
48495,3,2
48497,4,3
48499,4,3
48501,4,3
48503,4,2
48505,3,2
48507,2,2
49001,4,3
49003,4,4
49005,5,4
49007,3,2
49009,5,1
49011,5,5
49013,4,4
49015,3,2
49017,4,4
49019,4,1
49021,4,4
49023,4,3
49025,3,2
49027,4,1
49029,5,4
49031,4,3
49033,5,2
49035,5,4
49037,3,1
49039,4,2
49041,4,2
49043,5,5
49045,5,4
49047,4,4
49049,5,5
49051,5,4
49053,5,4
49055,3,2
49057,4,4
50001,4,4
50003,5,5
50005,4,3
50007,5,5
50009,4,3
50011,4,4
50013,5,4
50015,5,4
50017,4,3
50019,4,4
50021,5,4
50023,4,4
50025,5,4
50027,5,4
51001,3,2
51003,5,4
51005,4,4
51007,4,1
51009,3,3
51011,2,2
51013,5,5
51015,3,3
51017,3,2
51019,3,3
51021,3,2
51023,4,4
51025,2,2
51027,2,2
51029,3,2
51031,3,2
51033,3,3
51035,3,2
51036,2,2
51037,2,2
51041,5,5
51043,3,3
51045,4,1
51047,4,4
51049,2,2
51051,3,3
51053,3,3
51057,2,2
51059,5,5
51061,4,4
51063,4,2
51065,4,3
51067,3,2
51069,4,4
51071,3,2
51073,4,4
51075,4,3
51077,3,2
51079,4,3
51081,2,2
51083,3,2
51085,4,4
51087,5,5
51089,3,3
51091,4,3
51093,4,3
51095,5,5
51097,2,2
51099,4,3
51101,2,2
51103,3,2
51105,2,2
51107,5,5
51109,2,2
51111,3,2
51113,3,3
51115,3,2
51117,3,2
51119,3,3
51121,4,3
51125,3,3
51127,4,4
51131,3,2
51133,3,2
51135,3,2
51137,4,4
51139,3,2
51141,4,2
51143,3,2
51145,4,4
51147,4,3
51149,4,4
51153,5,5
51155,3,3
51157,4,3
51159,2,2
51161,4,4
51163,3,2
51165,3,3
51167,2,2
51169,5,5
51171,4,3
51173,4,3
51175,2,2
51177,5,5
51179,5,5
51181,1,1
51183,2,2
51185,3,3
51187,4,4
51191,4,3
51193,3,3
51195,4,3
51197,4,2
51199,5,5
51510,5,5
51515,3,3
51520,4,3
51530,3,3
51540,4,4
51550,5,5
51570,4,4
51580,4,4
51590,3,3
51595,2,2
51600,5,5
51610,5,5
51620,3,3
51630,5,5
51640,3,3
51650,5,5
51660,4,4
51670,4,3
51678,5,4
51680,4,4
51683,5,5
51685,5,5
51690,3,3
51700,5,5
51710,4,4
51720,4,4
51730,4,3
51735,5,5
51740,4,4
51750,5,4
51760,4,4
51770,4,3
51775,4,4
51790,4,4
51800,4,4
51810,5,5
51820,4,4
51830,5,4
51840,4,4
53001,3,2
53003,4,3
53005,4,3
53007,5,5
53009,4,3
53011,5,4
53013,4,3
53015,4,3
53017,5,4
53019,4,2
53021,4,3
53023,4,3
53025,4,3
53027,4,4
53029,5,4
53031,5,3
53033,5,4
53035,5,4
53037,4,4
53039,4,3
53041,4,3
53043,4,2
53045,4,3
53047,3,2
53049,4,3
53051,2,1
53053,5,4
53055,5,3
53057,4,4
53059,4,3
53061,4,4
53063,4,4
53065,3,2
53067,5,5
53069,4,2
53071,4,4
53073,5,4
53075,4,3
53077,3,3
54001,3,2
54003,4,3
54005,3,2
54007,3,1
54009,4,3
54011,4,3
54013,3,1
54015,3,1
54017,2,1
54019,3,3
54021,3,2
54023,4,1
54025,3,2
54027,3,1
54029,4,3
54031,4,1
54033,4,3
54035,3,3
54037,4,3
54039,4,3
54041,4,3
54043,2,2
54045,3,3
54047,3,2
54049,4,3
54051,4,3
54053,3,2
54055,3,2
54057,3,2
54059,3,2
54061,5,4
54063,3,2
54065,4,1
54067,3,2
54069,4,4
54071,4,2
54073,4,3
54075,4,1
54077,3,2
54079,4,3
54081,4,3
54083,4,3
54085,1,1
54087,3,2
54089,2,2
54091,3,2
54093,4,1
54095,3,2
54097,4,3
54099,3,2
54101,3,1
54103,4,3
54105,3,2
54107,4,4
54109,4,2
55001,4,3
55003,4,3
55005,4,3
55007,5,4
55009,4,4
55011,4,2
55013,4,1
55015,4,3
55017,4,3
55019,3,2
55021,4,3
55023,4,2
55025,5,4
55027,4,3
55029,5,4
55031,4,3
55033,4,3
55035,4,4
55037,4,4
55039,4,3
55041,4,2
55043,4,2
55045,4,3
55047,4,3
55049,4,3
55051,4,2
55053,3,2
55055,4,3
55057,4,3
55059,4,4
55061,4,2
55063,4,4
55065,3,2
55067,3,2
55069,3,2
55071,4,3
55073,4,3
55075,4,3
55077,4,2
55078,4,2
55079,4,4
55081,4,3
55083,4,3
55085,5,3
55087,4,4
55089,4,4
55091,4,3
55093,4,3
55095,4,3
55097,4,3
55099,4,2
55101,4,4
55103,3,2
55105,4,4
55107,3,2
55109,4,3
55111,4,3
55113,5,3
55115,4,2
55117,4,4
55119,3,2
55121,3,2
55123,4,3
55125,4,2
55127,4,4
55129,4,2
55131,4,4
55133,5,4
55135,4,3
55137,3,2
55139,4,4
55141,4,3
56001,4,4
56003,4,4
56005,5,4
56007,4,3
56009,4,3
56011,3,1
56013,4,3
56015,4,2
56017,3,2
56019,4,3
56021,4,4
56023,4,3
56025,4,4
56027,4,3
56029,4,3
56031,3,2
56033,4,3
56035,4,3
56037,4,3
56039,5,5
56041,5,3
56043,4,2
56045,3,1
60010,1,0
60020,0,0
60030,0,0
60040,0,0
60050,2,0
66010,5,5
69085,0,0
69100,2,1
69110,3,1
69120,2,1
72001,2,1
72003,3,2
72005,3,2
72007,3,1
72009,3,1
72011,3,2
72013,3,1
72015,3,1
72017,3,1
72019,2,1
72021,3,2
72023,3,2
72025,3,1
72027,3,1
72029,3,1
72031,4,2
72033,3,1
72035,3,1
72037,3,1
72039,2,1
72041,3,1
72043,2,1
72045,2,1
72047,2,1
72049,2,1
72051,4,2
72053,3,1
72054,2,1
72055,3,2
72057,3,1
72059,3,1
72061,5,3
72063,3,1
72065,3,1
72067,3,2
72069,3,1
72071,3,2
72073,2,1
72075,3,2
72077,3,1
72079,3,1
72081,2,1
72083,3,1
72085,3,1
72087,2,1
72089,3,2
72091,3,1
72093,2,1
72095,3,1
72097,3,2
72099,3,2
72101,2,1
72103,2,1
72105,2,1
72107,2,1
72109,2,1
72111,2,2
72113,3,2
72115,3,1
72117,3,2
72119,3,1
72121,3,2
72123,2,1
72125,3,1
72127,3,2
72129,3,1
72131,2,1
72133,3,2
72135,3,1
72137,3,2
72139,4,2
72141,2,1
72143,3,1
72145,3,1
72147,2,1
72149,2,1
72151,2,1
72153,3,2
78010,2,1
78020,4,1
78030,2,1
